Category,Recommendation
IMMEDIATE ACTIONS (0-3 months),Deploy additional resources during peak hours: 10:00-12:00 and 15:00-18:00
IMMEDIATE ACTIONS (0-3 months),Focus on HILLINGDON borough - highest response times (368.9s)
IMMEDIATE ACTIONS (0-3 months),Implement predictive dispatch system using the trained ML models
IMMEDIATE ACTIONS (0-3 months),Optimize pump allocation - current average utilization shows room for improvement
SHORT-TERM IMPROVEMENTS (3-12 months),Establish mobile response units for high-demand geographic clusters
SHORT-TERM IMPROVEMENTS (3-12 months),Implement dynamic resource reallocation based on hourly demand forecasts
SHORT-TERM IMPROVEMENTS (3-12 months),Develop specialized response protocols for high-cost property types
SHORT-TERM IMPROVEMENTS (3-12 months),Create early warning system for incident type prediction
LONG-TERM STRATEGIC INITIATIVES (1-3 years),Build new fire stations in underserved areas with high response times
LONG-TERM STRATEGIC INITIATIVES (1-3 years),Implement IoT sensors for real-time incident detection and prevention
LONG-TERM STRATEGIC INITIATIVES (1-3 years),Develop community engagement programs for high-risk property types
LONG-TERM STRATEGIC INITIATIVES (1-3 years),Create integrated emergency response coordination center
TECHNOLOGY INVESTMENTS,Real-time incident forecasting dashboard using the developed ML models
TECHNOLOGY INVESTMENTS,Geographic optimization system for resource placement
TECHNOLOGY INVESTMENTS,Predictive maintenance system for equipment and vehicles
TECHNOLOGY INVESTMENTS,Advanced analytics platform for continuous improvement
